Time (min),Concentration (g/L)
10,17.50935085
25,14.32085219
40,14.47703336
70,10.56769853
85,9.183693084
130,6.288334468
220,6.766489127
1495,9.200512595
1505,10.52204557
1515,9.84686236
