Time (min),Concentration (g/L)
130.0,8.409995594890075
190.0,6.531015978535102
295.0,4.166673341075651
1385.0,11.69700852989468
1495.0,19.04953746345761
1500.0,14.073365103520084
